{"cameraMode":{"drawMode":0,"name":"Shaded","section":"Shading Mode"},"sceneLighting":true,"audioPlay":false,"sceneViewState":{"showFog":false,"showMaterialUpdate":false,"showSkybox":false,"showFlares":false,"showImageEffects":false,"showParticleSystems":true},"in2DMode":false,"pivot":{"x":0.374697208404541,"y":-1.1350685358047486,"z":0.8452787399291992},"rotation":{"x":-0.007257778663188219,"y":0.9865201711654663,"z":-0.15698778629302979,"w":-0.045608654618263248},"size":26.56174659729004,"orthographic":false}